{
  "\"gr.mycities.recommendation.traveller.MiddleTraveler _and_ pubivvjdyf _and_ 35 TERMS [sea _and_ 10, mountain _and_ 10, museum _and_ 10, football _and_ 10, garden _and_ 10, music _and_ 10, car _and_ 10, bar _and_ 10, art _and_ 10, sport _and_ 10] Place{geodesic_vector=[48.8534, 2.3488], description=Paris, country=France}\"" : {
    "visit" : {
      "terms_vector" : [ {
        "description" : "sea",
        "rate" : 13
      }, {
        "description" : "mountain",
        "rate" : 2
      }, {
        "description" : "museum",
        "rate" : 14
      }, {
        "description" : "football",
        "rate" : 5
      }, {
        "description" : "garden",
        "rate" : 6
      }, {
        "description" : "music",
        "rate" : 14
      }, {
        "description" : "car",
        "rate" : 22
      }, {
        "description" : "bar",
        "rate" : 39
      }, {
        "description" : "art",
        "rate" : 90
      }, {
        "description" : "sport",
        "rate" : 15
      } ],
      "place" : {
        "geodesic_vector" : [ 45.4643, 9.1895 ],
        "description" : "Milan",
        "country" : "Italy"
      }
    },
    "when" : 1622622891214
  },
  "\"gr.mycities.recommendation.traveller.MiddleTraveler _and_ ipbufkjfjb _and_ 58 TERMS [sea _and_ 8, mountain _and_ 1, museum _and_ 7, football _and_ 1, garden _and_ 5, music _and_ 1, car _and_ 1, bar _and_ 1, art _and_ 1, sport _and_ 1] Place{geodesic_vector=[37.0389, 22.1142], description=Kalamata, country=Greece}\"" : {
    "visit" : {
      "terms_vector" : [ {
        "description" : "sea",
        "rate" : 16
      }, {
        "description" : "mountain",
        "rate" : 9
      }, {
        "description" : "museum",
        "rate" : 37
      }, {
        "description" : "football",
        "rate" : 4
      }, {
        "description" : "garden",
        "rate" : 9
      }, {
        "description" : "music",
        "rate" : 12
      }, {
        "description" : "car",
        "rate" : 8
      }, {
        "description" : "bar",
        "rate" : 8
      }, {
        "description" : "art",
        "rate" : 74
      }, {
        "description" : "sport",
        "rate" : 36
      } ],
      "place" : {
        "geodesic_vector" : [ 37.9795, 23.7162 ],
        "description" : "Athens",
        "country" : "Greece"
      }
    },
    "when" : 1622622606048
  },
  "\"gr.mycities.recommendation.traveller.MiddleTraveler _and_ pubivvjdyf _and_ 35 TERMS [sea _and_ 10, mountain _and_ 10, museum _and_ 10, football _and_ 10, garden _and_ 10, music _and_ 10, car _and_ 10, bar _and_ 10, art _and_ 10, sport _and_ 10] Place{geodesic_vector=[48.8534, 2.3488], description=Paris, country=France}\"" : {
    "visit" : {
      "terms_vector" : [ {
        "description" : "sea",
        "rate" : 13
      }, {
        "description" : "mountain",
        "rate" : 2
      }, {
        "description" : "museum",
        "rate" : 14
      }, {
        "description" : "football",
        "rate" : 5
      }, {
        "description" : "garden",
        "rate" : 6
      }, {
        "description" : "music",
        "rate" : 14
      }, {
        "description" : "car",
        "rate" : 22
      }, {
        "description" : "bar",
        "rate" : 39
      }, {
        "description" : "art",
        "rate" : 90
      }, {
        "description" : "sport",
        "rate" : 15
      } ],
      "place" : {
        "geodesic_vector" : [ 45.4643, 9.1895 ],
        "description" : "Milan",
        "country" : "Italy"
      }
    },
    "when" : 1622622609334
  },
  "\"gr.mycities.recommendation.traveller.ElderTraveller _and_ ozjoqqpcwd _and_ 79 TERMS [sea _and_ 4, mountain _and_ 2, museum _and_ 6, football _and_ 6, garden _and_ 0, music _and_ 0, car _and_ 3, bar _and_ 0, art _and_ 0, sport _and_ 0] Place{geodesic_vector=[37.9795, 23.7162], description=Athens, country=Greece}\"" : {
    "visit" : {
      "terms_vector" : [ {
        "description" : "sea",
        "rate" : 31
      }, {
        "description" : "mountain",
        "rate" : 0
      }, {
        "description" : "museum",
        "rate" : 10
      }, {
        "description" : "football",
        "rate" : 2
      }, {
        "description" : "garden",
        "rate" : 11
      }, {
        "description" : "music",
        "rate" : 12
      }, {
        "description" : "car",
        "rate" : 27
      }, {
        "description" : "bar",
        "rate" : 23
      }, {
        "description" : "art",
        "rate" : 105
      }, {
        "description" : "sport",
        "rate" : 12
      } ],
      "place" : {
        "geodesic_vector" : [ 34.257, -85.1647 ],
        "description" : "Rome",
        "country" : "Italy"
      }
    },
    "when" : 1622622707971
  },
  "\"gr.mycities.recommendation.traveller.MiddleTraveler _and_ kwgdmzxmbd _and_ 56 TERMS [sea _and_ 2, mountain _and_ 8, museum _and_ 0, football _and_ 0, garden _and_ 0, music _and_ 0, car _and_ 0, bar _and_ 0, art _and_ 0, sport _and_ 0] Place{geodesic_vector=[37.9795, 23.7162], description=Athens, country=Greece}\"" : {
    "visit" : {
      "terms_vector" : [ {
        "description" : "sea",
        "rate" : 16
      }, {
        "description" : "mountain",
        "rate" : 9
      }, {
        "description" : "museum",
        "rate" : 37
      }, {
        "description" : "football",
        "rate" : 4
      }, {
        "description" : "garden",
        "rate" : 9
      }, {
        "description" : "music",
        "rate" : 12
      }, {
        "description" : "car",
        "rate" : 8
      }, {
        "description" : "bar",
        "rate" : 8
      }, {
        "description" : "art",
        "rate" : 74
      }, {
        "description" : "sport",
        "rate" : 36
      } ],
      "place" : {
        "geodesic_vector" : [ 37.9795, 23.7162 ],
        "description" : "Athens",
        "country" : "Greece"
      }
    },
    "when" : 1622622705838
  },
  "\"gr.mycities.recommendation.traveller.YoungTraveler _and_ bgknvsowxs _and_ 22 TERMS [sea _and_ 5, mountain _and_ 8, museum _and_ 0, football _and_ 0, garden _and_ 0, music _and_ 0, car _and_ 0, bar _and_ 0, art _and_ 0, sport _and_ 0] Place{geodesic_vector=[37.0389, 22.1142], description=Kalamata, country=Greece}\"" : {
    "visit" : {
      "terms_vector" : [ {
        "description" : "sea",
        "rate" : 16
      }, {
        "description" : "mountain",
        "rate" : 9
      }, {
        "description" : "museum",
        "rate" : 37
      }, {
        "description" : "football",
        "rate" : 4
      }, {
        "description" : "garden",
        "rate" : 9
      }, {
        "description" : "music",
        "rate" : 12
      }, {
        "description" : "car",
        "rate" : 8
      }, {
        "description" : "bar",
        "rate" : 8
      }, {
        "description" : "art",
        "rate" : 74
      }, {
        "description" : "sport",
        "rate" : 36
      } ],
      "place" : {
        "geodesic_vector" : [ 37.9795, 23.7162 ],
        "description" : "Athens",
        "country" : "Greece"
      }
    },
    "when" : 1622622703614
  },
  "\"gr.mycities.recommendation.traveller.MiddleTraveler _and_ test _and_ 35 TERMS [sea _and_ 10, mountain _and_ 10, museum _and_ 10, football _and_ 10, garden _and_ 10, music _and_ 10, car _and_ 10, bar _and_ 9, art _and_ 10, sport _and_ 10] Place{geodesic_vector=[39.3333, -0.8333], description=Valencia, country=Spain}\"" : {
    "visit" : {
      "terms_vector" : [ {
        "description" : "sea",
        "rate" : 16
      }, {
        "description" : "mountain",
        "rate" : 0
      }, {
        "description" : "museum",
        "rate" : 17
      }, {
        "description" : "football",
        "rate" : 6
      }, {
        "description" : "garden",
        "rate" : 7
      }, {
        "description" : "music",
        "rate" : 5
      }, {
        "description" : "car",
        "rate" : 25
      }, {
        "description" : "bar",
        "rate" : 27
      }, {
        "description" : "art",
        "rate" : 102
      }, {
        "description" : "sport",
        "rate" : 11
      } ],
      "place" : {
        "geodesic_vector" : [ 39.3333, -0.8333 ],
        "description" : "Valencia",
        "country" : "Spain"
      }
    },
    "when" : 1622622872077
  },
  "\"gr.mycities.recommendation.traveller.MiddleTraveler _and_ test _and_ 35 TERMS [sea _and_ 10, mountain _and_ 10, museum _and_ 10, football _and_ 10, garden _and_ 10, music _and_ 10, car _and_ 10, bar _and_ 9, art _and_ 10, sport _and_ 10] Place{geodesic_vector=[39.3333, -0.8333], description=Valencia, country=Spain}\"" : {
    "visit" : {
      "terms_vector" : [ {
        "description" : "sea",
        "rate" : 16
      }, {
        "description" : "mountain",
        "rate" : 9
      }, {
        "description" : "museum",
        "rate" : 37
      }, {
        "description" : "football",
        "rate" : 4
      }, {
        "description" : "garden",
        "rate" : 9
      }, {
        "description" : "music",
        "rate" : 12
      }, {
        "description" : "car",
        "rate" : 8
      }, {
        "description" : "bar",
        "rate" : 8
      }, {
        "description" : "art",
        "rate" : 74
      }, {
        "description" : "sport",
        "rate" : 36
      } ],
      "place" : {
        "geodesic_vector" : [ 37.9795, 23.7162 ],
        "description" : "Athens",
        "country" : "Greece"
      }
    },
    "when" : 1622622635784
  },
  "\"gr.mycities.recommendation.traveller.MiddleTraveler _and_ test _and_ 35 TERMS [sea _and_ 10, mountain _and_ 10, museum _and_ 10, football _and_ 10, garden _and_ 10, music _and_ 10, car _and_ 10, bar _and_ 9, art _and_ 10, sport _and_ 10] Place{geodesic_vector=[39.3333, -0.8333], description=Valencia, country=Spain}\"" : {
    "visit" : {
      "terms_vector" : [ {
        "description" : "sea",
        "rate" : 13
      }, {
        "description" : "mountain",
        "rate" : 2
      }, {
        "description" : "museum",
        "rate" : 14
      }, {
        "description" : "football",
        "rate" : 5
      }, {
        "description" : "garden",
        "rate" : 6
      }, {
        "description" : "music",
        "rate" : 14
      }, {
        "description" : "car",
        "rate" : 22
      }, {
        "description" : "bar",
        "rate" : 39
      }, {
        "description" : "art",
        "rate" : 90
      }, {
        "description" : "sport",
        "rate" : 15
      } ],
      "place" : {
        "geodesic_vector" : [ 45.4643, 9.1895 ],
        "description" : "Milan",
        "country" : "Italy"
      }
    },
    "when" : 1622622894062
  },
  "\"gr.mycities.recommendation.traveller.YoungTraveler _and_ bgknvsowxs _and_ 22 TERMS [sea _and_ 5, mountain _and_ 8, museum _and_ 0, football _and_ 0, garden _and_ 0, music _and_ 0, car _and_ 0, bar _and_ 0, art _and_ 0, sport _and_ 0] Place{geodesic_vector=[37.0389, 22.1142], description=Kalamata, country=Greece}\"" : {
    "visit" : {
      "terms_vector" : [ {
        "description" : "sea",
        "rate" : 16
      }, {
        "description" : "mountain",
        "rate" : 9
      }, {
        "description" : "museum",
        "rate" : 37
      }, {
        "description" : "football",
        "rate" : 4
      }, {
        "description" : "garden",
        "rate" : 9
      }, {
        "description" : "music",
        "rate" : 12
      }, {
        "description" : "car",
        "rate" : 8
      }, {
        "description" : "bar",
        "rate" : 8
      }, {
        "description" : "art",
        "rate" : 74
      }, {
        "description" : "sport",
        "rate" : 36
      } ],
      "place" : {
        "geodesic_vector" : [ 37.9795, 23.7162 ],
        "description" : "Athens",
        "country" : "Greece"
      }
    },
    "when" : 1622622862894
  }
}